{"cameraMode":{"drawMode":0,"name":"Shaded","section":"Shading Mode"},"sceneLighting":true,"audioPlay":false,"sceneViewState":{"showFog":true,"showMaterialUpdate":false,"showSkybox":true,"showFlares":true,"showImageEffects":true,"showParticleSystems":true,"showVisualEffectGraphs":true,"m_FxEnabled":true},"in2DMode":false,"pivot":{"x":467.3036804199219,"y":236.89779663085938,"z":309.7552490234375},"rotation":{"x":0.0018109407974407077,"y":-0.03149580955505371,"z":0.000009126769327849615,"w":0.9994251728057861},"size":371.8588562011719,"orthographic":false}