{"cameraMode":{"drawMode":0,"name":"Shaded","section":"Shading Mode"},"sceneLighting":true,"audioPlay":false,"sceneViewState":{"showFog":true,"showMaterialUpdate":false,"showSkybox":true,"showFlares":true,"showImageEffects":true,"showParticleSystems":true,"showVisualEffectGraphs":true,"m_FxEnabled":true},"in2DMode":false,"pivot":{"x":0.6769338846206665,"y":0.37856489419937136,"z":1.0159642696380616},"rotation":{"x":-0.10087060928344727,"y":0.7364713549613953,"z":-0.11267049610614777,"w":-0.6593452095985413},"size":0.12878702580928803,"orthographic":false}