{"cameraMode":{"drawMode":0,"name":"Shaded","section":"Shading Mode"},"sceneLighting":true,"audioPlay":false,"sceneViewState":{"showFog":true,"showMaterialUpdate":false,"showSkybox":true,"showFlares":true,"showImageEffects":true,"showParticleSystems":true,"showVisualEffectGraphs":true,"m_FxEnabled":true},"in2DMode":false,"pivot":{"x":-0.34138068556785586,"y":1.3958745002746583,"z":0.3696672320365906},"rotation":{"x":0.05452863126993179,"y":0.9265555143356323,"z":-0.1477167010307312,"w":0.3417765200138092},"size":5.798354148864746,"orthographic":false}