{"cameraMode":{"drawMode":0,"name":"Shaded","section":"Shading Mode"},"sceneLighting":false,"audioPlay":false,"sceneViewState":{"showFog":true,"showMaterialUpdate":false,"showSkybox":false,"showFlares":true,"showImageEffects":true,"showParticleSystems":true,"showVisualEffectGraphs":true,"m_FxEnabled":true},"in2DMode":false,"pivot":{"x":-0.00012499094009399414,"y":0.12999999523162843,"z":1.006990671157837},"rotation":{"x":0.015500341542065144,"y":0.9726589918136597,"z":-0.22170701622962953,"w":0.06809534132480622},"size":1.2983537912368775,"orthographic":false}